{"type":"world_loaded","value":{"minecraft_session_id":"707c438e-d641-49ca-ad7b-8bd1a9a3fe41","game_version":"1.19.3","operating_system":"windows","platform":"Windows 10","client_modded":true,"event_timestamp_utc":"2023-07-17T11:07:10.762631900Z","opt_in":false,"world_session_id":"4f324fb3-42d0-45d9-b52a-9701597868c7","server_modded":true,"server_type":"server","game_mode":"survival"}}
{"type":"world_unloaded","value":{"minecraft_session_id":"707c438e-d641-49ca-ad7b-8bd1a9a3fe41","game_version":"1.19.3","operating_system":"windows","platform":"Windows 10","client_modded":true,"event_timestamp_utc":"2023-07-17T11:07:14.932899900Z","opt_in":false,"world_session_id":"4f324fb3-42d0-45d9-b52a-9701597868c7","server_modded":true,"server_type":"server","seconds_since_load":4,"ticks_since_load":78}}
