{"packFileHash":{"type":"sha256","value":"8278b8999154c22bd3226ac62ccb8253499a342f0ef9010b0376a702492d8918"},"indexFileHash":{"type":"sha256","value":"9537ce717231a996c2b4b54c9cecc48f0b2488933cb6e507fe51dd78356ae3e4"},"cachedFiles":{"mods/towns-and-towers.pw.toml":{"hash":{"type":"sha256","value":"b93993a54c2ce2465446f58dc4b91caec4e5d9a1ade03c56f3eedddbb89879b2"},"linkedFileHash":{"type":"sha1","value":"358b3d80d30d4ef5a4aa274df78f7869eb1f2d1e"},"cachedLocation":"mods/Towns-and-Towers-1.11-Fabric+Forge.jar","optionValue":true},"mods/server-tab-info.pw.toml":{"hash":{"type":"sha256","value":"cd9d3944ee0f3d2a12ddb3e7f67cc73c1642d5620a34b9c305c1a974068c56ce"},"linkedFileHash":{"type":"sha1","value":"aa5d5e5366ecd6dabe816c3dfbd5178a5669755a"},"cachedLocation":"mods/ServerTabInfo-1.19.3-1.3.8.jar","optionValue":true},"mods/ferrite-core.pw.toml":{"hash":{"type":"sha256","value":"b5eb6bcf637994381c241a5a0400e7bcae12954ec75b0372cd7e6b2bbf7a735b"},"linkedFileHash":{"type":"sha1","value":"a69d589b39e583fdf2b124f2c701a962fb3974e1"},"cachedLocation":"mods/ferritecore-5.1.0-forge.jar","optionValue":true},"mods/journeymap.pw.toml":{"hash":{"type":"sha256","value":"41834db762956fdfb6225bb96ae4723979180343b680233451de9b811bd06f21"},"linkedFileHash":{"type":"sha1","value":"7a6c15b599e2892c18f9f42366849b69322ab30c"},"cachedLocation":"mods/journeymap-1.19.3-5.9.7-forge.jar","optionValue":true},"mods/chunky.pw.toml":{"hash":{"type":"sha256","value":"bb74b96d3e633f65ad9711003ed21cb28acee0bdb2b5fd598711ed8c28b43a43"},"linkedFileHash":{"type":"sha1","value":"fc007edd7f46e3dbcc6110350ced0edb3168a0a1"},"cachedLocation":"mods/Chunky-1.3.53.jar","optionValue":true},"mods/tectonic.pw.toml":{"hash":{"type":"sha256","value":"9cd59e1bedfda6f48d79c55aa98db675e766d92f4b795d5ed37ed92155d60201"},"linkedFileHash":{"type":"sha1","value":"e25db8406feb352aa8daaac5e7e54efe719a7456"},"cachedLocation":"mods/tectonic-mod-mc1.19-v2-BETA1.jar","optionValue":true},"mods/canary.pw.toml":{"hash":{"type":"sha256","value":"c1ce2894a16a5b9e2f9b30c704ace4a94585dd66c0eddeb44c8117d60df6d9f1"},"linkedFileHash":{"type":"sha1","value":"0b22eb0f594558f77f826f59404bb6ce1e19a5b3"},"cachedLocation":"mods/canary-mc1.19.3-0.2.6.jar","optionValue":true},"mods/screenshot-viewer.pw.toml":{"hash":{"type":"sha256","value":"d3ba3038eb1f3a5263927a3c8c1fc41b3639ec08c6056a2beeee75fe99162178"},"linkedFileHash":{"type":"sha1","value":"0d59314595ed909814eb0eff3e151bb54e494ef4"},"cachedLocation":"mods/screenshot_viewer-1.1.3-forge-mc1.19.3.jar","optionValue":true},"shaderpacks/builders-qol-shaders.pw.toml":{"hash":{"type":"sha256","value":"73094c3517ba301eb3dea302e91d3cdfb88a5e7adb42f71ead5b582c2f344b8b"},"linkedFileHash":{"type":"sha1","value":"fa3cb738952021756f28f2ea0acaf2e37efa87d6"},"cachedLocation":"shaderpacks/Builder\u0027s QOL Shaders V2.10.0.zip","optionValue":true},"shaderpacks/super-duper-vanilla.pw.toml":{"hash":{"type":"sha256","value":"a5ed01e32d65dbd67e9573e1575874284a0e3c64aebbbbb872230d8be9fd0e8e"},"linkedFileHash":{"type":"sha1","value":"afc1955d2f9bd9f3b58584ca2194963baa7591a0"},"cachedLocation":"shaderpacks/SuperDuperVanilla.zip","optionValue":true},"mods/ambientsounds.pw.toml":{"hash":{"type":"sha256","value":"d445f61b70c8799cb3a699dc42786de4ca8d54952d49f46227dd3530a69b6bd3"},"linkedFileHash":{"type":"sha1","value":"b7859feb7d487ee86622e8daae83a3c1ea7834b4"},"cachedLocation":"mods/AmbientSounds_FORGE_v5.2.17_mc1.19.3.jar","optionValue":true},"mods/raised.pw.toml":{"hash":{"type":"sha256","value":"ee4cf33d418e73df5e778534b547917167a0541f1c65d3bdc5e2c58d6280504d"},"linkedFileHash":{"type":"sha1","value":"8e7c3402fcf67bd2cdd43c0b5baecdd0de8176db"},"cachedLocation":"mods/raised-forge-1.19.3-2.0.0.jar","optionValue":true},"shaderpacks/stereos-default+.pw.toml":{"hash":{"type":"sha256","value":"01973f190b3c66dba29d560cf465ed714fabc80110b21c9480bcffe5cceb7157"},"linkedFileHash":{"type":"sha1","value":"e7cd3d25817cd1fcd387db16b44b4cb22f5de3c7"},"cachedLocation":"shaderpacks/Stereo\u0027s_Default+_v2.4.zip","optionValue":true},"mods/fallingtree.pw.toml":{"hash":{"type":"sha256","value":"2418396d4ca91c84161692225f9f442eaf80edbc309e2043e3782af94a8f489a"},"linkedFileHash":{"type":"sha1","value":"e8b742a2cf70b5daf92be1d7a2f90ed7a1762381"},"cachedLocation":"mods/FallingTree-1.19.3-3.11.2.jar","optionValue":true},"mods/midnightlib.pw.toml":{"hash":{"type":"sha256","value":"c66de822c0d7abc221ecf5a069c30383ac2ff64f554edb22923f6a4223557a00"},"linkedFileHash":{"type":"sha1","value":"b7df01556b969d176cd91fcdb9e35a4d770ae42b"},"cachedLocation":"mods/midnightlib-forge-1.1.0.jar","optionValue":true},"mods/handcrafted.pw.toml":{"hash":{"type":"sha256","value":"6d6404e2f4b91ba17b6907c8bb240e104283493759f0e57cac6e75846c0bcefe"},"linkedFileHash":{"type":"sha1","value":"cc9ec53b639e98bf7be7eb2d91a32e0a5feafe4a"},"cachedLocation":"mods/handcrafted-forge-1.19.3-2.1.1.jar","optionValue":true},"mods/saturn.pw.toml":{"hash":{"type":"sha256","value":"231d825033099016a241ae4285d261cf70a409c805e5b662e90c7a9b640ee905"},"linkedFileHash":{"type":"sha1","value":"ee60cbc85221e615b82d6cb353fe8ae968f8683f"},"cachedLocation":"mods/saturn-mc1.19.3-0.0.4.jar","optionValue":true},"mods/cull-leaves.pw.toml":{"hash":{"type":"sha256","value":"778ed8ede80bfdc5eb0604b161a19d1d0d58a6eb3cc953f6aeaf03553e56b2e3"},"linkedFileHash":{"type":"sha1","value":"1dfb5843a46e9c8350cffa3031163eefcd0c1545"},"cachedLocation":"mods/cullleaves-forge-3.0.2.jar","optionValue":true},"shaderpacks/yofps.pw.toml":{"hash":{"type":"sha256","value":"d254128cffe294633bc371c7e73d7c28a9588853942c2c42640a1d82ff341961"},"linkedFileHash":{"type":"sha1","value":"7ceeb9cd8df24b40cb9c55870128ff05c254683b"},"cachedLocation":"shaderpacks/YoFPS+High+(Chocapic13+Edit).zip","optionValue":true},"mods/entityculling.pw.toml":{"hash":{"type":"sha256","value":"0df61a11c15f338ebbe21cc855e3c7ebb6579b88dc8f33f80e33e71448dbbfb9"},"linkedFileHash":{"type":"sha1","value":"5898da2807b20fa56b4f0af3d76f0efa18c9abcd"},"cachedLocation":"mods/entityculling-forge-1.6.1-mc1.19.3.jar","optionValue":true},"resourcepacks/mizunoCIT.pw.toml":{"hash":{"type":"sha256","value":"284cd668c36c693476398a97ed913dba7e2ff145c8c3adebf1dff0e7c880cfa3"},"linkedFileHash":{"type":"sha256","value":"50f4b54f7bd52bf981b61f913c7ad8a77bcd9996d149f4b22604ffcd29793aa0"},"cachedLocation":"resourcepacks/Mizunos_16_Craft_JE_CIT_1.19-1.0.zip","optionValue":true},"shaderpacks/vanilla-plus-shader.pw.toml":{"hash":{"type":"sha256","value":"3a36b777e54f3f956490aabb87d9bb09d1b0bdab8877aa98959221f6e447e957"},"linkedFileHash":{"type":"sha1","value":"de65a77868359ae42fbb56442bbe027091622372"},"cachedLocation":"shaderpacks/VanillaPlus_v3.2.zip","optionValue":true},"shaderpacks/cyanide-shaders.pw.toml":{"hash":{"type":"sha256","value":"909d656bca0d5eb8c61f246b095b7ef799161c94ae44214adfbe1ee5e0ba4241"},"linkedFileHash":{"type":"sha1","value":"bfea939c9b23eb3fa1885e2f991bb05908295a27"},"cachedLocation":"shaderpacks/CyanideShaders_v1.1.zip","optionValue":true},"mods/travelersbackpack.pw.toml":{"hash":{"type":"sha256","value":"1023296832cad093854513f04b0f71849ccdc433657b49d8924fae4fb10d9d50"},"linkedFileHash":{"type":"sha1","value":"f04f9b5517efc7d1283ee2be48ff63eebc73811b"},"cachedLocation":"mods/TravelersBackpack-1.19.3-8.3.9.jar","optionValue":true},"mods/my-server-is-compatible.pw.toml":{"hash":{"type":"sha256","value":"676389cc9198f0de73f1a0d5f7177478994753598ba04e9d5683718445fe6fa4"},"linkedFileHash":{"type":"sha1","value":"f4ea1254cc0da1ef74931b824f6a3c7c09d9caa6"},"cachedLocation":"mods/MyServerIsCompatible-1.19-1.0.jar","optionValue":true},"mods/dusty-decorations.pw.toml":{"hash":{"type":"sha256","value":"d0e144830a7ec5744a664ce3c11fc5fa93d0ec84607c96fe421a573734a17697"},"linkedFileHash":{"type":"sha256","value":"3849e01232824632aafc99c9366ff1094455f043b16b1f4653358079ed771f94"},"cachedLocation":"mods/dustydecorations-1.0-1.19.3.jar","optionValue":true},"mods/fastload.pw.toml":{"hash":{"type":"sha256","value":"744d1a907f7339ed60204af517bd0a21c36db1a32f5664f3d9cb4590465a2dd5"},"linkedFileHash":{"type":"sha1","value":"c341faf309b3205ac00967c98b9c793c4164dbe6"},"cachedLocation":"mods/Fastload-Reforged-8.2.1+1.19.3.jar","optionValue":true},"mods/female-gender.pw.toml":{"hash":{"type":"sha256","value":"02c2972d7d1abb11c0c75db036b83f694185bb587c7594256692e1d943cdcc61"},"linkedFileHash":{"type":"sha1","value":"93f77ac59662b163dd0a291c5801a588d43f7515"},"cachedLocation":"mods/Female-Gender-Mod-forge-1.19.3-3.0.1.jar","optionValue":true},"mods/puzzles-lib.pw.toml":{"hash":{"type":"sha256","value":"5c363cb341a1bc981ba781352c9e6e4573d367c465d972fc0a4d448da956b8cc"},"linkedFileHash":{"type":"sha1","value":"3056a2cc0cbf7eba104466772fe68459e2be993e"},"cachedLocation":"mods/PuzzlesLib-v5.0.33-1.19.3-Forge.jar","optionValue":true},"resourcepacks/mizuno16craft.pw.toml":{"hash":{"type":"sha256","value":"f563ae5b58185a4252ddac6c35746cd9e8f5bbb2e588ca8b75287611a60941f2"},"linkedFileHash":{"type":"sha256","value":"73057854a89476c169ac99c76b49252414e17839cdb69b5dbbcbf5da61bf197b"},"cachedLocation":"resourcepacks/Mizunos_16_Craft_JE_1.19.4-1.1.zip","optionValue":true},"mods/mouse-tweaks.pw.toml":{"hash":{"type":"sha256","value":"8c1ecf8820bfe3059f9fe3a75b6f7a5f5dc785d57386ef03bbd8ef2c48bab0f7"},"linkedFileHash":{"type":"sha1","value":"91582299dfdbcffda029c2c6f4096c68668daac5"},"cachedLocation":"mods/MouseTweaks-forge-mc1.19.3-2.24.jar","optionValue":true},"mods/radon.pw.toml":{"hash":{"type":"sha256","value":"7bdf4e86620a8dcd88ad32d9e983412077cb2fb70ddffc99d9e1f5a2f2a94a1f"},"linkedFileHash":{"type":"sha1","value":"f971a5b3da7a1aaa43da063839d6da9646482874"},"cachedLocation":"mods/radon-0.8.2.jar","optionValue":true},"mods/first-person-model.pw.toml":{"hash":{"type":"sha256","value":"f579b96ce913bf036368da3daee4bd0a60ea43b1923199f3a8a2b9a485664312"},"linkedFileHash":{"type":"sha1","value":"21f6300ff1d9cc606ff32a8917d8471f2f729cc6"},"cachedLocation":"mods/firstperson-forge-2.2.3-mc1.19.3.jar","optionValue":true},"mods/not-enough-animations.pw.toml":{"hash":{"type":"sha256","value":"70646a648e7596bde51878f2711685090c3480fa21fa5abb62d8958a4e6e38b7"},"linkedFileHash":{"type":"sha1","value":"202d65a82bdcd8c900446c5ca81dd383dc90f9b7"},"cachedLocation":"mods/notenoughanimations-forge-1.6.3-mc1.19.3.jar","optionValue":true},"resourcepacks/transgui.pw.toml":{"hash":{"type":"sha256","value":"7e6cbda6a8902a9800d888e1ae6911ea9ba6f5ceb99a5664de8f1b133e71f8d9"},"linkedFileHash":{"type":"sha256","value":"a97f60d2f195b1e60bc54ebb5ec80f953633759db1162273355bd561786d384b"},"cachedLocation":"resourcepacks/Transparent+GUI-1.19.X-R1.1.zip","optionValue":true},"mods/mavm.pw.toml":{"hash":{"type":"sha256","value":"be804b2781100a3721d53691d696c0f64529a7bf6185be47076a247a84797192"},"linkedFileHash":{"type":"sha1","value":"4c3ece52b274d928c4a1da9ca2275d9aad7cc4fd"},"cachedLocation":"mods/mavm-1.2.1-mc1.19.3.jar","optionValue":true},"resourcepacks/betterenderdragon.pw.toml":{"hash":{"type":"sha256","value":"889254853e5e89074e19798b37aaf1b2a591ec61d79104ad00b3707a8b60f8b2"},"linkedFileHash":{"type":"sha256","value":"979e5fac0d0cf2ba1f5397a45e742e5d1f5ed9c73f80799fcca4a7e1bc38c868"},"cachedLocation":"resourcepacks/Better_Enderdragon.zip","optionValue":true},"shaderpacks/vanillaa.pw.toml":{"hash":{"type":"sha256","value":"5def7fe470d25c729d7356c856984ab517e8cbcdf0b01eced72aa1dc95accb3b"},"linkedFileHash":{"type":"sha1","value":"b37a460b748d82d6d0a0c25a90351d6dd459c944"},"cachedLocation":"shaderpacks/VanillAA.zip","optionValue":true},"mods/creativecore.pw.toml":{"hash":{"type":"sha256","value":"66f9bdecc5af7a58b5209d6c00de8f2319236612ef66ce5363f3950ceed60e70"},"linkedFileHash":{"type":"sha1","value":"ba43fc1599ee0914863a6ad9e399da54888e5eb0"},"cachedLocation":"mods/CreativeCore_FORGE_v2.10.7_mc1.19.3.jar","optionValue":true},"mods/lmd.pw.toml":{"hash":{"type":"sha256","value":"9116ead38df9119fa9d8103c214482aedab1505554865cac1b3bd385019076bd"},"linkedFileHash":{"type":"sha1","value":"6fc0f6427045bfaa941a49da33ebc419c21d540d"},"cachedLocation":"mods/letmedespawn-1.18-forge-1.0.3.jar","optionValue":true},"mods/resourceful-lib.pw.toml":{"hash":{"type":"sha256","value":"5f298a4c1aa9f8393357ddefa968e270aa731a6176a0294213008afd0dd34f1b"},"linkedFileHash":{"type":"sha1","value":"4a1da362589e41182065e3576306e3f02e5d9d75"},"cachedLocation":"mods/resourcefullib-1.2.7.jar","optionValue":true},"mods/appleskin.pw.toml":{"hash":{"type":"sha256","value":"737d7767b4e9e28e3e60805e3f980120b005803c93837e484d935f6156199893"},"linkedFileHash":{"type":"sha1","value":"20f4e36e5c78bdef303683ccb96d77b2036da3ce"},"cachedLocation":"mods/appleskin-forge-mc1.19-2.4.2.jar","optionValue":true},"mods/memoryleakfix.pw.toml":{"hash":{"type":"sha256","value":"b7fc29bd04fc41db9a03b07a65a47f75665a1d8f710672d8a2739bd64ccf35eb"},"linkedFileHash":{"type":"sha1","value":"fd8859d1c81fc327615f05f1dfafc4ec9bb9182c"},"cachedLocation":"mods/memoryleakfix-forge-1.17+-1.1.1.jar","optionValue":true},"mods/cristel-lib.pw.toml":{"hash":{"type":"sha256","value":"f38da0367e3e865f223b208be8e4153e452806be0613dc0e5b2657aea65dbc94"},"linkedFileHash":{"type":"sha1","value":"e62bb7fd4d605c52bb88cb3939bafd93bb9a71c5"},"cachedLocation":"mods/cristellib-forge-1.0.0.jar","optionValue":true},"mods/modelfix.pw.toml":{"hash":{"type":"sha256","value":"4d9139243fa7df7676f91ac5293024e71647259103b911b2583e25fb7acb7a30"},"linkedFileHash":{"type":"sha1","value":"e92d8dd7c1dd01337566e7b5d58fd8f919c2d5dc"},"cachedLocation":"mods/modelfix-1.12.jar","optionValue":true},"mods/3dskinlayers.pw.toml":{"hash":{"type":"sha256","value":"df561449e65e4b65767d3c2788ea492b176ede0dd922aacd3e974651212a1f63"},"linkedFileHash":{"type":"sha1","value":"6ce24e64b397d9dfdcd9fe0d6b830194891a9ece"},"cachedLocation":"mods/3dskinlayers-forge-1.5.3-mc1.19.3.jar","optionValue":true},"shaderpacks/simplicissimus.pw.toml":{"hash":{"type":"sha256","value":"116618569cf2bcadd8e4b52bacb3d5ca0b123a92f7f5788e995bf4d1c7af5cb4"},"linkedFileHash":{"type":"sha1","value":"0e1700a582f13221a45ca786a15db45da14bba73"},"cachedLocation":"shaderpacks/Simplicissimus_v1.3a.zip","optionValue":true},"mods/cleardespawn.pw.toml":{"hash":{"type":"sha256","value":"d4d066e25700ec567e21e89cfcdae759a51dc2dd76eead4d514efd1ce34d4986"},"linkedFileHash":{"type":"sha1","value":"eb6068b704e8991bde3a767e8907f1cb9f86b0bd"},"cachedLocation":"mods/ClearDespawn-forge-1.19.2-1.1.10.jar","optionValue":true},"mods/xercamod.pw.toml":{"hash":{"type":"sha256","value":"d95e28e47cf92be29fae568c849f3b497efccda99fdb9f77e8c03b19943ec710"},"linkedFileHash":{"type":"sha1","value":"3a0ab0d7c6a0062a55ecbe617de2224695ce5623"},"cachedLocation":"mods/xercamod-1.19.3-1.0.1.jar","optionValue":true},"mods/diagonal-fences.pw.toml":{"hash":{"type":"sha256","value":"a25fe773e11f19a8ca1296c3955048b444ad2d4cf85706f2cf77d07b09ccb5e2"},"linkedFileHash":{"type":"sha1","value":"627d7381f71d7dd2104bb449f5babc354ac0dff5"},"cachedLocation":"mods/DiagonalFences-v5.0.0-1.19.3-Forge.jar","optionValue":true},"shaderpacks/complementary-reimagined.pw.toml":{"hash":{"type":"sha256","value":"ce18d14782c7d414c416de2b2613369c23d39a85c252f81ed1073816d5587b44"},"linkedFileHash":{"type":"sha1","value":"d55a5f8e492e362539882032baedd6025d750a9c"},"cachedLocation":"shaderpacks/ComplementaryReimagined_r2.2.1.zip","optionValue":true},"resourcepacks/trans-item.pw.toml":{"hash":{"type":"sha256","value":"3fbd567565422184d1ddbc17979dbe3b8b3659a89544fba6801ea11b556763bd"},"linkedFileHash":{"type":"sha256","value":"f61e384ad818f6aa51369b07ab1b63af2522aa60c2a9cac511028fa5098b2523"},"cachedLocation":"resourcepacks/Invisible_Item_Frame_Pack_1.19-1.0.zip","optionValue":true},"mods/chat-heads.pw.toml":{"hash":{"type":"sha256","value":"2389fb30d6a2735afca632739fcabb6ac0a50a0b98e3148cbff9fc9bc3b1d949"},"linkedFileHash":{"type":"sha1","value":"220a41e52ca061346910ff0ef1a5cf9ab3b1d442"},"cachedLocation":"mods/chat_heads-0.10.8-forge-1.19.3.jar","optionValue":true},"resourcepacks/xalis-bushy-leaves.pw.toml":{"hash":{"type":"sha256","value":"f5516eb0a0f54421d794844d4d15ff9abf07455157b6436878cf0fecc5e5b078"},"linkedFileHash":{"type":"sha1","value":"9c14a40cdee755361a46cc2b0bbba6c15663bed6"},"cachedLocation":"resourcepacks/xalis Bushy Leaves v3.3.0.zip","optionValue":true},"mods/distanthorizons.pw.toml":{"hash":{"type":"sha256","value":"d188021568b1781635bc70f884400336730660c72cf96864f8bcf1c7fb0449b0"},"linkedFileHash":{"type":"sha1","value":"3dc3795edcf666214c87c379391292c809270ae8"},"cachedLocation":"mods/DistantHorizons-1.6.10a-1.19.3.jar","optionValue":true},"mods/dynamiccrosshair.pw.toml":{"hash":{"type":"sha256","value":"ed18d89fe8606ba13fbb9a248f63e48ecdad210fe2a77f504926208b3c710136"},"linkedFileHash":{"type":"sha1","value":"948f8322dd2e554b9623bf83839ed17130e3715c"},"cachedLocation":"mods/dynamiccrosshair-5.4+1.19.3-forge.jar","optionValue":true},"shaderpacks/nostalgia-shader.pw.toml":{"hash":{"type":"sha256","value":"5617b60662b2e1c8333e47c4f43a4185fe633c05e629c1ec06d1d539b22e654c"},"linkedFileHash":{"type":"sha1","value":"920fa5e58e670f421373efab4fc96908871b19b8"},"cachedLocation":"shaderpacks/Nostalgia_v5.0.zip","optionValue":true},"mods/extended-slabs-plus.pw.toml":{"hash":{"type":"sha256","value":"588c8f1ff0814435aed7160deb511cc27bb42ca425b4ca1d2aeaf1b7f6b45e5e"},"linkedFileHash":{"type":"sha1","value":"69392c1a36f0fd6d1ea81f0eca975366ce2aa5dd"},"cachedLocation":"mods/extendedslabs-1.19.3-2.4.0.jar","optionValue":true},"mods/optifine.pw.toml":{"hash":{"type":"sha256","value":"9fc9e591d86ad13b950ebd74ea55bffd859d4444e7c120497d132ca86939856a"},"linkedFileHash":{"type":"sha256","value":"3b9284e43a26c263fce4f40aa8742682a9575ead5f87aa355e0633a545e0af97"},"cachedLocation":"mods/OptiFine_1.19.3_HD_U_I3.jar","optionValue":true},"mods/cloth-config.pw.toml":{"hash":{"type":"sha256","value":"1d5470c3dc86034f5653d870497d27404b55a5d8a50b58a3f431cb8fae455d21"},"linkedFileHash":{"type":"sha1","value":"6f4319bac5a2d5418ed75a901ca21b9b76400d1d"},"cachedLocation":"mods/cloth-config-9.1.104-forge.jar","optionValue":true},"mods/craftpresence.pw.toml":{"hash":{"type":"sha256","value":"5357e601c12045050cb73a6487661bc366168a527156c6d4adb94f345832939d"},"linkedFileHash":{"type":"sha1","value":"da0628778d2e6af5113a5dddb09b5bebe8fec207"},"cachedLocation":"mods/CraftPresence-2.1.2+1.19.3.jar","optionValue":true},"mods/mavapi.pw.toml":{"hash":{"type":"sha256","value":"0b943b01b46ded135e7da93be7921b79aa4447c63d130d56a34f1e550f999954"},"linkedFileHash":{"type":"sha1","value":"8d9be9fcea14ce878bf1f11f321ac214ce1e5d72"},"cachedLocation":"mods/mavapi-1.0.3-mc1.19.3.jar","optionValue":true},"mods/pluto.pw.toml":{"hash":{"type":"sha256","value":"8b5017614e890b3eb32618fc379926e4d6938082a9f0dac4a7a87ca9444d1ee8"},"linkedFileHash":{"type":"sha1","value":"7b0f74e0777453ccbcb290685b1449baedcfd3dd"},"cachedLocation":"mods/pluto-mc1.19.3-0.0.9.jar","optionValue":true},"mods/notenoughcrashes.pw.toml":{"hash":{"type":"sha256","value":"e94c51721ad10058f1cd57ee5b21825ead89c4968a4a9e23fa3a6dcd73213313"},"linkedFileHash":{"type":"sha1","value":"3a978411cb8f5c22d759a153887d67950686a7df"},"cachedLocation":"mods/notenoughcrashes-4.4.0+1.19.3-forge.jar","optionValue":true},"shaderpacks/shrimple.pw.toml":{"hash":{"type":"sha256","value":"8ac2d1149c4f622902e258e2049e1c10e479c64a16112f44bcfb741b13ad25ea"},"linkedFileHash":{"type":"sha1","value":"021e7ec8c0f9ead34de7743c3133628df6204b70"},"cachedLocation":"shaderpacks/Shrimple_v0.9.zip","optionValue":true},"mods/serversleep.pw.toml":{"hash":{"type":"sha256","value":"18ef9ed32b347bee4e121c66c8bd88459bd21cb3c83a7d8c3f222ad9e45a67d6"},"linkedFileHash":{"type":"sha1","value":"d716afbca3a7994c71f660b821ac12fd9e06b8ca"},"cachedLocation":"mods/serversleep-datapack.jar","optionValue":true},"mods/simple-uncrafting-table.pw.toml":{"hash":{"type":"sha256","value":"b55a0f92a688dcdd7dd3ac47d4d3d83b88750b43866941c8b2cb8bc8ffce61fc"},"linkedFileHash":{"type":"sha1","value":"e18e76dc35ae036f544ce9c1442434754299e969"},"cachedLocation":"mods/UncraftingTable-forge-1.2.6.jar","optionValue":true},"mods/gravestone-mod.pw.toml":{"hash":{"type":"sha256","value":"6ee3501e75883b4b827d5b78c1abeb73eb0a62474b6c53775eae2f7f9b5b63ad"},"linkedFileHash":{"type":"sha1","value":"7ad7430a593c17f996c0663f1c46301c94092ba8"},"cachedLocation":"mods/gravestone-1.19.3-1.0.3.jar","optionValue":true},"mods/tiny-item-animations.pw.toml":{"hash":{"type":"sha256","value":"b7cfdb537ba82eec4af56ce62ff486dcf130c9b2f4c88f15f00f5079bb4bf50a"},"linkedFileHash":{"type":"sha1","value":"a4e226af84439627289121cbe1f6b038ec4990c6"},"cachedLocation":"mods/tia-1.19.3-1.0-forge.jar","optionValue":true},"mods/comforts.pw.toml":{"hash":{"type":"sha256","value":"7e7ab6eb9a1b6d447f9f41159737b780310f916d3a26e14f8def6af8e57297b6"},"linkedFileHash":{"type":"sha1","value":"378a1d4abba7af12579ab6c5bbfd1cc1121ec948"},"cachedLocation":"mods/comforts-forge-6.1.2+1.19.3.jar","optionValue":true},"mods/mcpitanlibarch.pw.toml":{"hash":{"type":"sha256","value":"d63dbef61aab8b41913254b5ca6b200cf00b2a52605868a3624f2b767cf956b5"},"linkedFileHash":{"type":"sha1","value":"3ac398cbaa365e3163f75e357a43a38a02c1d48b"},"cachedLocation":"mods/mcpitanlibarch-1.7.2-1.19.3-forge.jar","optionValue":true},"mods/architectury-api.pw.toml":{"hash":{"type":"sha256","value":"971560bccae4dcf74709b8f6c5233ce92d6288148da3141528361a3f63ae5de2"},"linkedFileHash":{"type":"sha1","value":"c5b67433970d33c0c35887cdfc3ffc84f97189e4"},"cachedLocation":"mods/architectury-7.1.86-forge.jar","optionValue":true}},"cachedSide":"client"}